Word1,Word2
design,this
departure,however
delivered,damage
delayed,passengers
decoration,stuffs
deck,location
decent,basic
deal,breaker
dare,say
customers,rights
crowds,infinity
crowded,no
crowded,all
crowded,but
crowded,having
country,free
country,safe
convenient,taxi
continental,the
consumerables,we
construction,of
construction,team
consolation,since
consigne,staffs
conditioner,soapcotton
soap,cotton
conditioning,bad
conditions,everytime
conclusion,for
comfortable,and
comfortable,we
come,customer
coffee,bean
coffee,hot
coffee,machine
club,suite
club,this
club,zimmer
clothes,line
clothes,only
closets,but
cliffon,told
clear,trip
cleanliness,conscheck
cons,check
city,hall
city,scape
city,scapes
city,see
city,side
city,the
city,us
city,view
cigarette,butts
chivas,regal
chip,offtheoldblog
off,theoldblog
the,oldblog
old,blog
cheerful,smilingpoliteexceedingly
smiling,politeexceedingly
polite,exceedingly
charges,which
charge,dinner
channels,but
chanel,prada
chandeliers,pillars
cereals,bread
center,thanks
centre,building
centre,highest
centre,neatly
casino,although
casino,and
casino,beautiful
casino,entrance
casino,in
casinon,is
casino,really
casino,stay
casino,what
cases,wondered
carpark,entrances
canapes,fabulous
cake,superb
caesar,salad
cady,switzerland
cabinet,dresser
buy,there
butter,and
butler,the
butler,we
busy,the
busy,tips
bussiness,anyone
business,like
business,people
business,district
building,stunning
building,the
building,astonishing
building,helpfulness
buffet,my
broken,mushrooms
broadcast,asia
breathtaking,nightclub
breakfast,there
breakfast,high
breakfast,overall
breakfast,pluses
breakfast,afternoon
breakfast,conslong
breakfast,easily
bread,butter
brand,new
brands,the
brands,there
boy,please
booking,the
booking,have
blowing,absolutely
blankets,should
birthday,cake
beyond,at
better,raffles
best,regards
best,friends
benefitss,as
been,communicated
been,impressed
bedroom,even
bed,magnificent
bed,nespresso
bed,office
beautiful,spacious
beautiful,we
beautiful,serene
beautifull,but
beautiful,and
beautiful,grounds
bean,bistro
beach,chairs
bday,staffs
bay,sands
bay,side
bay,the
bay,very
bay,view
bay,want
bay,we
bay,which
bay,window
bay,artscience
art,science
bath,sheets
bathtub,and
bathtub,huge
bathrooms,a
bathroom,the
bathroom,great
bathroom,beautifully
basins,large
basics,expecially
bar,staff
barpool,staff
bar,restaurants
barhroom,and
banyan,tree
banks,theatrerestaurant
theatre,restaurant
balcony,the
back,dripping
awsome,the
a,winner
avail,tragedy
available,check
available,staff
august,staying
attractions,overall
attractions,poolbarssubwaylarge
pool,barssubwaylarge
bars,subwaylarge
subway,large
attractions,the
attitude,besides
attentive,price
attentious,delicious
attention,hundreds
attached,the
atmosphere,we
as,well
asked,him
asia,title
asian,so
asia,rooms
asia,have
arrive,you
arrival,we
arrival,escorted
arrival,disappointing
arrangements,flowers
around,but
around,all
are,traveling
are,inadequately
architecture,very
appointed,the
anywhere,no
anywhere,food
anyway,after
annoying,but
and,probably
amused,sorry
amenities,concierge
amazing,views
amazing,staff
amazing,uniqueperfectwonderfulthe
unique,perfectwonderfulthe
perfect,wonderfulthe
wonderful,the
amazing,location
always,suggest
also,i
also,probably
along,wityh
allocation,very
all,breakfast
airport,the
airport,highlight
airport,downside
airport,dislikes
airport,but
a,horrible
agreeable,surroundings
again,gbh
affordable,cons
advantage,booking
adrian,philobao
activities,the
a,chair
accout,rements
accommodation,we
accessibility,did
about,twice
a,back
a,also
but,not